select * from sprg_rltm;
select * from sprg_fore;

INSERT INTO sprg_rltm (ctrl, idno, name, type, gtyp, cycl, offs) VALUES (1,-1,'P1-OPT',3,0,120,0);
INSERT INTO sprg_rltm (ctrl, idno, name, type, gtyp, cycl, offs) VALUES (2,-1,'P1-OPT',3,0,120,0);
INSERT INTO sprg_rltm (ctrl, idno, name, type, gtyp, cycl, offs) VALUES (3,-1,'P1-OPT',3,0,120,0);
INSERT INTO sprg_rltm (ctrl, idno, name, type, gtyp, cycl, offs) VALUES (4,-1,'P1-OPT',3,0,120,0);
INSERT INTO sprg_rltm (ctrl, idno, name, type, gtyp, cycl, offs) VALUES (5,-1,'P1-OPT',3,0,120,0);
INSERT INTO sprg_rltm (ctrl, idno, name, type, gtyp, cycl, offs) VALUES (6,-1,'P1-OPT',3,0,120,0);
INSERT INTO sprg_rltm (ctrl, idno, name, type, gtyp, cycl, offs) VALUES (7,-1,'P1-OPT',3,0,120,0);
INSERT INTO sprg_rltm (ctrl, idno, name, type, gtyp, cycl, offs) VALUES (8,-1,'P1-OPT',3,0,120,0);

INSERT INTO evnt (code,objt,ctrl,anam,aval,init,endt) VALUES ('BAL','CTRL',1,'SPRG','-1',000000,010000);
INSERT INTO evnt (code,objt,ctrl,anam,aval,init,endt) VALUES ('BAL','CTRL',2,'SPRG','-1',000000,010000);
INSERT INTO evnt (code,objt,ctrl,anam,aval,init,endt) VALUES ('BAL','CTRL',3,'SPRG','-1',000000,010000);
INSERT INTO evnt (code,objt,ctrl,anam,aval,init,endt) VALUES ('BAL','CTRL',4,'SPRG','-1',000000,010000);
INSERT INTO evnt (code,objt,ctrl,anam,aval,init,endt) VALUES ('BAL','CTRL',5,'SPRG','-1',000000,010000);
INSERT INTO evnt (code,objt,ctrl,anam,aval,init,endt) VALUES ('BAL','CTRL',6,'SPRG','-1',000000,010000);
INSERT INTO evnt (code,objt,ctrl,anam,aval,init,endt) VALUES ('BAL','CTRL',7,'SPRG','-1',000000,010000);
INSERT INTO evnt (code,objt,ctrl,anam,aval,init,endt) VALUES ('BAL','CTRL',8,'SPRG','-1',000000,010000);

INSERT INTO sprg_fore (ctrl, idno, name, type, gtyp, cycl, offs,fdat,ldat) VALUES (1,-1,'P1-OPT',3,0,120,0,'2018-9-20 00:00:00','2018-9-20 00:05:00');													
INSERT INTO sprg_fore (ctrl, idno, name, type, gtyp, cycl, offs,fdat,ldat) VALUES (2,-1,'P1-OPT',3,0,120,0,'2018-9-20 00:00:00','2018-9-20 00:05:00');													
INSERT INTO sprg_fore (ctrl, idno, name, type, gtyp, cycl, offs,fdat,ldat) VALUES (3,-1,'P1-OPT',3,0,120,0,'2018-9-20 00:00:00','2018-9-20 00:05:00');													
INSERT INTO sprg_fore (ctrl, idno, name, type, gtyp, cycl, offs,fdat,ldat) VALUES (4,-1,'P1-OPT',3,0,120,0,'2018-9-20 00:00:00','2018-9-20 00:05:00');													
INSERT INTO sprg_fore (ctrl, idno, name, type, gtyp, cycl, offs,fdat,ldat) VALUES (5,-1,'P1-OPT',3,0,120,0,'2018-9-20 00:00:00','2018-9-20 00:05:00');													
INSERT INTO sprg_fore (ctrl, idno, name, type, gtyp, cycl, offs,fdat,ldat) VALUES (6,-1,'P1-OPT',3,0,120,0,'2018-9-20 00:00:00','2018-9-20 00:05:00');													
INSERT INTO sprg_fore (ctrl, idno, name, type, gtyp, cycl, offs,fdat,ldat) VALUES (7,-1,'P1-OPT',3,0,120,0,'2018-9-20 00:00:00','2018-9-20 00:05:00');													
INSERT INTO sprg_fore (ctrl, idno, name, type, gtyp, cycl, offs,fdat,ldat) VALUES (8,-1,'P1-OPT',3,0,120,0,'2018-9-20 00:00:00','2018-9-20 00:05:00');													
													
INSERT INTO sprg_fore (ctrl, idno, name, type, gtyp, cycl, offs,fdat,ldat) VALUES (1,-1,'P1-OPT',3,0,120,13,'2018-9-20 00:05:00','2018-9-20 00:10:00');													
INSERT INTO sprg_fore (ctrl, idno, name, type, gtyp, cycl, offs,fdat,ldat) VALUES (2,-1,'P1-OPT',3,0,120,43,'2018-9-20 00:05:00','2018-9-20 00:10:00');													
INSERT INTO sprg_fore (ctrl, idno, name, type, gtyp, cycl, offs,fdat,ldat) VALUES (3,-1,'P1-OPT',3,0,120,103,'2018-9-20 00:05:00','2018-9-20 00:10:00');													
INSERT INTO sprg_fore (ctrl, idno, name, type, gtyp, cycl, offs,fdat,ldat) VALUES (4,-1,'P1-OPT',3,0,120,9,'2018-9-20 00:05:00','2018-9-20 00:10:00');													
INSERT INTO sprg_fore (ctrl, idno, name, type, gtyp, cycl, offs,fdat,ldat) VALUES (5,-1,'P1-OPT',3,0,120,34,'2018-9-20 00:05:00','2018-9-20 00:10:00');													
INSERT INTO sprg_fore (ctrl, idno, name, type, gtyp, cycl, offs,fdat,ldat) VALUES (6,-1,'P1-OPT',3,0,120,61,'2018-9-20 00:05:00','2018-9-20 00:10:00');													
INSERT INTO sprg_fore (ctrl, idno, name, type, gtyp, cycl, offs,fdat,ldat) VALUES (7,-1,'P1-OPT',3,0,120,76,'2018-9-20 00:05:00','2018-9-20 00:10:00');													
INSERT INTO sprg_fore (ctrl, idno, name, type, gtyp, cycl, offs,fdat,ldat) VALUES (8,-1,'P1-OPT',3,0,120,18,'2018-9-20 00:05:00','2018-9-20 00:10:00');													
													
INSERT INTO sprg_fore (ctrl, idno, name, type, gtyp, cycl, offs,fdat,ldat) VALUES (1,-1,'P1-OPT',3,0,120,18,'2018-9-20 00:10:00','2018-9-20 00:15:00');													
INSERT INTO sprg_fore (ctrl, idno, name, type, gtyp, cycl, offs,fdat,ldat) VALUES (2,-1,'P1-OPT',3,0,120,49,'2018-9-20 00:10:00','2018-9-20 00:15:00');													
INSERT INTO sprg_fore (ctrl, idno, name, type, gtyp, cycl, offs,fdat,ldat) VALUES (3,-1,'P1-OPT',3,0,120,106,'2018-9-20 00:10:00','2018-9-20 00:15:00');													
INSERT INTO sprg_fore (ctrl, idno, name, type, gtyp, cycl, offs,fdat,ldat) VALUES (4,-1,'P1-OPT',3,0,120,8,'2018-9-20 00:10:00','2018-9-20 00:15:00');													
INSERT INTO sprg_fore (ctrl, idno, name, type, gtyp, cycl, offs,fdat,ldat) VALUES (5,-1,'P1-OPT',3,0,120,34,'2018-9-20 00:10:00','2018-9-20 00:15:00');													
INSERT INTO sprg_fore (ctrl, idno, name, type, gtyp, cycl, offs,fdat,ldat) VALUES (6,-1,'P1-OPT',3,0,120,60,'2018-9-20 00:10:00','2018-9-20 00:15:00');													
INSERT INTO sprg_fore (ctrl, idno, name, type, gtyp, cycl, offs,fdat,ldat) VALUES (7,-1,'P1-OPT',3,0,120,74,'2018-9-20 00:10:00','2018-9-20 00:15:00');													
INSERT INTO sprg_fore (ctrl, idno, name, type, gtyp, cycl, offs,fdat,ldat) VALUES (8,-1,'P1-OPT',3,0,120,17,'2018-9-20 00:10:00','2018-9-20 00:15:00');													
													
INSERT INTO sprg_fore (ctrl, idno, name, type, gtyp, cycl, offs,fdat,ldat) VALUES (1,-1,'P1-OPT',3,0,120,19,'2018-9-20 00:15:00','2018-9-20 00:20:00');													
INSERT INTO sprg_fore (ctrl, idno, name, type, gtyp, cycl, offs,fdat,ldat) VALUES (2,-1,'P1-OPT',3,0,120,48,'2018-9-20 00:15:00','2018-9-20 00:20:00');													
INSERT INTO sprg_fore (ctrl, idno, name, type, gtyp, cycl, offs,fdat,ldat) VALUES (3,-1,'P1-OPT',3,0,120,110,'2018-9-20 00:15:00','2018-9-20 00:20:00');													
INSERT INTO sprg_fore (ctrl, idno, name, type, gtyp, cycl, offs,fdat,ldat) VALUES (4,-1,'P1-OPT',3,0,120,8,'2018-9-20 00:15:00','2018-9-20 00:20:00');													
INSERT INTO sprg_fore (ctrl, idno, name, type, gtyp, cycl, offs,fdat,ldat) VALUES (5,-1,'P1-OPT',3,0,120,37,'2018-9-20 00:15:00','2018-9-20 00:20:00');													
INSERT INTO sprg_fore (ctrl, idno, name, type, gtyp, cycl, offs,fdat,ldat) VALUES (6,-1,'P1-OPT',3,0,120,60,'2018-9-20 00:15:00','2018-9-20 00:20:00');													
INSERT INTO sprg_fore (ctrl, idno, name, type, gtyp, cycl, offs,fdat,ldat) VALUES (7,-1,'P1-OPT',3,0,120,74,'2018-9-20 00:15:00','2018-9-20 00:20:00');													
INSERT INTO sprg_fore (ctrl, idno, name, type, gtyp, cycl, offs,fdat,ldat) VALUES (8,-1,'P1-OPT',3,0,120,18,'2018-9-20 00:15:00','2018-9-20 00:20:00');													
													
INSERT INTO sprg_fore (ctrl, idno, name, type, gtyp, cycl, offs,fdat,ldat) VALUES (1,-1,'P1-OPT',3,0,120,19,'2018-9-20 00:20:00','2018-9-20 00:25:00');													
INSERT INTO sprg_fore (ctrl, idno, name, type, gtyp, cycl, offs,fdat,ldat) VALUES (2,-1,'P1-OPT',3,0,120,47,'2018-9-20 00:20:00','2018-9-20 00:25:00');													
INSERT INTO sprg_fore (ctrl, idno, name, type, gtyp, cycl, offs,fdat,ldat) VALUES (3,-1,'P1-OPT',3,0,120,107,'2018-9-20 00:20:00','2018-9-20 00:25:00');													
INSERT INTO sprg_fore (ctrl, idno, name, type, gtyp, cycl, offs,fdat,ldat) VALUES (4,-1,'P1-OPT',3,0,120,12,'2018-9-20 00:20:00','2018-9-20 00:25:00');													
INSERT INTO sprg_fore (ctrl, idno, name, type, gtyp, cycl, offs,fdat,ldat) VALUES (5,-1,'P1-OPT',3,0,120,43,'2018-9-20 00:20:00','2018-9-20 00:25:00');													
INSERT INTO sprg_fore (ctrl, idno, name, type, gtyp, cycl, offs,fdat,ldat) VALUES (6,-1,'P1-OPT',3,0,120,57,'2018-9-20 00:20:00','2018-9-20 00:25:00');													
INSERT INTO sprg_fore (ctrl, idno, name, type, gtyp, cycl, offs,fdat,ldat) VALUES (7,-1,'P1-OPT',3,0,120,72,'2018-9-20 00:20:00','2018-9-20 00:25:00');													
INSERT INTO sprg_fore (ctrl, idno, name, type, gtyp, cycl, offs,fdat,ldat) VALUES (8,-1,'P1-OPT',3,0,120,19,'2018-9-20 00:20:00','2018-9-20 00:25:00');													
													
INSERT INTO sprg_fore (ctrl, idno, name, type, gtyp, cycl, offs,fdat,ldat) VALUES (1,-1,'P1-OPT',3,0,120,105,'2018-9-20 00:25:00','2018-9-20 00:30:00');													
INSERT INTO sprg_fore (ctrl, idno, name, type, gtyp, cycl, offs,fdat,ldat) VALUES (2,-1,'P1-OPT',3,0,120,13,'2018-9-20 00:25:00','2018-9-20 00:30:00');													
INSERT INTO sprg_fore (ctrl, idno, name, type, gtyp, cycl, offs,fdat,ldat) VALUES (3,-1,'P1-OPT',3,0,120,114,'2018-9-20 00:25:00','2018-9-20 00:30:00');													
INSERT INTO sprg_fore (ctrl, idno, name, type, gtyp, cycl, offs,fdat,ldat) VALUES (4,-1,'P1-OPT',3,0,120,10,'2018-9-20 00:25:00','2018-9-20 00:30:00');													
INSERT INTO sprg_fore (ctrl, idno, name, type, gtyp, cycl, offs,fdat,ldat) VALUES (5,-1,'P1-OPT',3,0,120,40,'2018-9-20 00:25:00','2018-9-20 00:30:00');													
INSERT INTO sprg_fore (ctrl, idno, name, type, gtyp, cycl, offs,fdat,ldat) VALUES (6,-1,'P1-OPT',3,0,120,55,'2018-9-20 00:25:00','2018-9-20 00:30:00');													
INSERT INTO sprg_fore (ctrl, idno, name, type, gtyp, cycl, offs,fdat,ldat) VALUES (7,-1,'P1-OPT',3,0,120,69,'2018-9-20 00:25:00','2018-9-20 00:30:00');													
INSERT INTO sprg_fore (ctrl, idno, name, type, gtyp, cycl, offs,fdat,ldat) VALUES (8,-1,'P1-OPT',3,0,120,16,'2018-9-20 00:25:00','2018-9-20 00:30:00');													
													
INSERT INTO sprg_fore (ctrl, idno, name, type, gtyp, cycl, offs,fdat,ldat) VALUES (1,-1,'P1-OPT',3,0,120,105,'2018-9-20 00:30:00','2018-9-20 00:35:00');													
INSERT INTO sprg_fore (ctrl, idno, name, type, gtyp, cycl, offs,fdat,ldat) VALUES (2,-1,'P1-OPT',3,0,120,13,'2018-9-20 00:30:00','2018-9-20 00:35:00');													
INSERT INTO sprg_fore (ctrl, idno, name, type, gtyp, cycl, offs,fdat,ldat) VALUES (3,-1,'P1-OPT',3,0,120,114,'2018-9-20 00:30:00','2018-9-20 00:35:00');													
INSERT INTO sprg_fore (ctrl, idno, name, type, gtyp, cycl, offs,fdat,ldat) VALUES (4,-1,'P1-OPT',3,0,120,11,'2018-9-20 00:30:00','2018-9-20 00:35:00');													
INSERT INTO sprg_fore (ctrl, idno, name, type, gtyp, cycl, offs,fdat,ldat) VALUES (5,-1,'P1-OPT',3,0,120,40,'2018-9-20 00:30:00','2018-9-20 00:35:00');													
INSERT INTO sprg_fore (ctrl, idno, name, type, gtyp, cycl, offs,fdat,ldat) VALUES (6,-1,'P1-OPT',3,0,120,55,'2018-9-20 00:30:00','2018-9-20 00:35:00');													
INSERT INTO sprg_fore (ctrl, idno, name, type, gtyp, cycl, offs,fdat,ldat) VALUES (7,-1,'P1-OPT',3,0,120,69,'2018-9-20 00:30:00','2018-9-20 00:35:00');													
INSERT INTO sprg_fore (ctrl, idno, name, type, gtyp, cycl, offs,fdat,ldat) VALUES (8,-1,'P1-OPT',3,0,120,15,'2018-9-20 00:30:00','2018-9-20 00:35:00');													
													
INSERT INTO sprg_fore (ctrl, idno, name, type, gtyp, cycl, offs,fdat,ldat) VALUES (1,-1,'P1-OPT',3,0,120,105,'2018-9-20 00:35:00','2018-9-20 00:40:00');													
INSERT INTO sprg_fore (ctrl, idno, name, type, gtyp, cycl, offs,fdat,ldat) VALUES (2,-1,'P1-OPT',3,0,120,13,'2018-9-20 00:35:00','2018-9-20 00:40:00');													
INSERT INTO sprg_fore (ctrl, idno, name, type, gtyp, cycl, offs,fdat,ldat) VALUES (3,-1,'P1-OPT',3,0,120,114,'2018-9-20 00:35:00','2018-9-20 00:40:00');													
INSERT INTO sprg_fore (ctrl, idno, name, type, gtyp, cycl, offs,fdat,ldat) VALUES (4,-1,'P1-OPT',3,0,120,7,'2018-9-20 00:35:00','2018-9-20 00:40:00');													
INSERT INTO sprg_fore (ctrl, idno, name, type, gtyp, cycl, offs,fdat,ldat) VALUES (5,-1,'P1-OPT',3,0,120,38,'2018-9-20 00:35:00','2018-9-20 00:40:00');													
INSERT INTO sprg_fore (ctrl, idno, name, type, gtyp, cycl, offs,fdat,ldat) VALUES (6,-1,'P1-OPT',3,0,120,55,'2018-9-20 00:35:00','2018-9-20 00:40:00');													
INSERT INTO sprg_fore (ctrl, idno, name, type, gtyp, cycl, offs,fdat,ldat) VALUES (7,-1,'P1-OPT',3,0,120,68,'2018-9-20 00:35:00','2018-9-20 00:40:00');													
INSERT INTO sprg_fore (ctrl, idno, name, type, gtyp, cycl, offs,fdat,ldat) VALUES (8,-1,'P1-OPT',3,0,120,12,'2018-9-20 00:35:00','2018-9-20 00:40:00');													
													
INSERT INTO sprg_fore (ctrl, idno, name, type, gtyp, cycl, offs,fdat,ldat) VALUES (1,-1,'P1-OPT',3,0,120,107,'2018-9-20 00:40:00','2018-9-20 00:45:00');													
INSERT INTO sprg_fore (ctrl, idno, name, type, gtyp, cycl, offs,fdat,ldat) VALUES (2,-1,'P1-OPT',3,0,120,14,'2018-9-20 00:40:00','2018-9-20 00:45:00');													
INSERT INTO sprg_fore (ctrl, idno, name, type, gtyp, cycl, offs,fdat,ldat) VALUES (3,-1,'P1-OPT',3,0,120,117,'2018-9-20 00:40:00','2018-9-20 00:45:00');													
INSERT INTO sprg_fore (ctrl, idno, name, type, gtyp, cycl, offs,fdat,ldat) VALUES (4,-1,'P1-OPT',3,0,120,13,'2018-9-20 00:40:00','2018-9-20 00:45:00');													
INSERT INTO sprg_fore (ctrl, idno, name, type, gtyp, cycl, offs,fdat,ldat) VALUES (5,-1,'P1-OPT',3,0,120,39,'2018-9-20 00:40:00','2018-9-20 00:45:00');													
INSERT INTO sprg_fore (ctrl, idno, name, type, gtyp, cycl, offs,fdat,ldat) VALUES (6,-1,'P1-OPT',3,0,120,55,'2018-9-20 00:40:00','2018-9-20 00:45:00');													
INSERT INTO sprg_fore (ctrl, idno, name, type, gtyp, cycl, offs,fdat,ldat) VALUES (7,-1,'P1-OPT',3,0,120,68,'2018-9-20 00:40:00','2018-9-20 00:45:00');													
INSERT INTO sprg_fore (ctrl, idno, name, type, gtyp, cycl, offs,fdat,ldat) VALUES (8,-1,'P1-OPT',3,0,120,14,'2018-9-20 00:40:00','2018-9-20 00:45:00');													
													
INSERT INTO sprg_fore (ctrl, idno, name, type, gtyp, cycl, offs,fdat,ldat) VALUES (1,-1,'P1-OPT',3,0,120,105,'2018-9-20 00:45:00','2018-9-20 00:50:00');													
INSERT INTO sprg_fore (ctrl, idno, name, type, gtyp, cycl, offs,fdat,ldat) VALUES (2,-1,'P1-OPT',3,0,120,12,'2018-9-20 00:45:00','2018-9-20 00:50:00');													
INSERT INTO sprg_fore (ctrl, idno, name, type, gtyp, cycl, offs,fdat,ldat) VALUES (3,-1,'P1-OPT',3,0,120,116,'2018-9-20 00:45:00','2018-9-20 00:50:00');													
INSERT INTO sprg_fore (ctrl, idno, name, type, gtyp, cycl, offs,fdat,ldat) VALUES (4,-1,'P1-OPT',3,0,120,11,'2018-9-20 00:45:00','2018-9-20 00:50:00');													
INSERT INTO sprg_fore (ctrl, idno, name, type, gtyp, cycl, offs,fdat,ldat) VALUES (5,-1,'P1-OPT',3,0,120,41,'2018-9-20 00:45:00','2018-9-20 00:50:00');													
INSERT INTO sprg_fore (ctrl, idno, name, type, gtyp, cycl, offs,fdat,ldat) VALUES (6,-1,'P1-OPT',3,0,120,55,'2018-9-20 00:45:00','2018-9-20 00:50:00');													
INSERT INTO sprg_fore (ctrl, idno, name, type, gtyp, cycl, offs,fdat,ldat) VALUES (7,-1,'P1-OPT',3,0,120,68,'2018-9-20 00:45:00','2018-9-20 00:50:00');													
INSERT INTO sprg_fore (ctrl, idno, name, type, gtyp, cycl, offs,fdat,ldat) VALUES (8,-1,'P1-OPT',3,0,120,14,'2018-9-20 00:45:00','2018-9-20 00:50:00');													
													
INSERT INTO sprg_fore (ctrl, idno, name, type, gtyp, cycl, offs,fdat,ldat) VALUES (1,-1,'P1-OPT',3,0,120,104,'2018-9-20 00:50:00','2018-9-20 00:55:00');													
INSERT INTO sprg_fore (ctrl, idno, name, type, gtyp, cycl, offs,fdat,ldat) VALUES (2,-1,'P1-OPT',3,0,120,12,'2018-9-20 00:50:00','2018-9-20 00:55:00');													
INSERT INTO sprg_fore (ctrl, idno, name, type, gtyp, cycl, offs,fdat,ldat) VALUES (3,-1,'P1-OPT',3,0,120,113,'2018-9-20 00:50:00','2018-9-20 00:55:00');													
INSERT INTO sprg_fore (ctrl, idno, name, type, gtyp, cycl, offs,fdat,ldat) VALUES (4,-1,'P1-OPT',3,0,120,11,'2018-9-20 00:50:00','2018-9-20 00:55:00');													
INSERT INTO sprg_fore (ctrl, idno, name, type, gtyp, cycl, offs,fdat,ldat) VALUES (5,-1,'P1-OPT',3,0,120,40,'2018-9-20 00:50:00','2018-9-20 00:55:00');													
INSERT INTO sprg_fore (ctrl, idno, name, type, gtyp, cycl, offs,fdat,ldat) VALUES (6,-1,'P1-OPT',3,0,120,53,'2018-9-20 00:50:00','2018-9-20 00:55:00');													
INSERT INTO sprg_fore (ctrl, idno, name, type, gtyp, cycl, offs,fdat,ldat) VALUES (7,-1,'P1-OPT',3,0,120,68,'2018-9-20 00:50:00','2018-9-20 00:55:00');													
INSERT INTO sprg_fore (ctrl, idno, name, type, gtyp, cycl, offs,fdat,ldat) VALUES (8,-1,'P1-OPT',3,0,120,15,'2018-9-20 00:50:00','2018-9-20 00:55:00');													
													
INSERT INTO sprg_fore (ctrl, idno, name, type, gtyp, cycl, offs,fdat,ldat) VALUES (1,-1,'P1-OPT',3,0,120,102,'2018-9-20 00:55:00','2018-9-20 01:00:00');													
INSERT INTO sprg_fore (ctrl, idno, name, type, gtyp, cycl, offs,fdat,ldat) VALUES (2,-1,'P1-OPT',3,0,120,9,'2018-9-20 00:55:00','2018-9-20 01:00:00');													
INSERT INTO sprg_fore (ctrl, idno, name, type, gtyp, cycl, offs,fdat,ldat) VALUES (3,-1,'P1-OPT',3,0,120,113,'2018-9-20 00:55:00','2018-9-20 01:00:00');													
INSERT INTO sprg_fore (ctrl, idno, name, type, gtyp, cycl, offs,fdat,ldat) VALUES (4,-1,'P1-OPT',3,0,120,11,'2018-9-20 00:55:00','2018-9-20 01:00:00');													
INSERT INTO sprg_fore (ctrl, idno, name, type, gtyp, cycl, offs,fdat,ldat) VALUES (5,-1,'P1-OPT',3,0,120,42,'2018-9-20 00:55:00','2018-9-20 01:00:00');													
INSERT INTO sprg_fore (ctrl, idno, name, type, gtyp, cycl, offs,fdat,ldat) VALUES (6,-1,'P1-OPT',3,0,120,57,'2018-9-20 00:55:00','2018-9-20 01:00:00');													
INSERT INTO sprg_fore (ctrl, idno, name, type, gtyp, cycl, offs,fdat,ldat) VALUES (7,-1,'P1-OPT',3,0,120,71,'2018-9-20 00:55:00','2018-9-20 01:00:00');													
INSERT INTO sprg_fore (ctrl, idno, name, type, gtyp, cycl, offs,fdat,ldat) VALUES (8,-1,'P1-OPT',3,0,120,16,'2018-9-20 00:55:00','2018-9-20 01:00:00');													
